time, x, y, z
6.007, 0.0036767332349, 0.366894733429, -4.93359158339
6.027, 0.00361483357847, 0.366283517837, -4.93273089231
6.047, 0.00355008500628, 0.351041830063, -4.93194172682
6.067, 0.00349885295145, 0.356223087311, -4.93129465895
6.088, 0.00343503826298, 0.35640857315, -4.93046210112
6.108, 0.003380774986, 0.348196853638, -4.92971203643
6.128, 0.00334118353203, 0.341789962768, -4.92914555372
6.149, 0.00331084011123, 0.34323200798, -4.92879078688
6.167, 0.00328485132195, 0.334074337005, -4.92850420774
6.188, 0.00326635246165, 0.330544733047, -4.9283039363
6.207, 0.00325349671766, 0.322629367828, -4.92819283308
6.227, 0.00323664071038, 0.312032747268, -4.92804072219
6.248, 0.00321530853398, 0.312913808822, -4.92788479644
6.268, 0.00319633097388, 0.311141271591, -4.92771265806
6.287, 0.00318494741805, 0.316307373047, -4.92755816282
6.307, 0.00317907542922, 0.316375904083, -4.92738507109
6.328, 0.00317848473787, 0.326118812561, -4.92713949996
6.344, 0.00318587920628, 0.315985765457, -4.92677805723
6.367, 0.00319797336124, 0.327837190628, -4.92643139678
6.387, 0.00320240249857, 0.327087707519, -4.92605850996
6.407, 0.0031916925218, 0.323622694015, -4.92574904264
6.428, 0.00317959371023, 0.334942388534, -4.92547152342
6.447, 0.00317231542431, 0.335951776504, -4.92522738279
6.467, 0.00316450279206, 0.331958074569, -4.9249579698
6.487, 0.0031605809927, 0.332643632889, -4.92479346114
6.507, 0.00315772485919, 0.333197231293, -4.92470143141
6.527, 0.00313060986809, 0.336005611419, -4.92470381559
6.547, 0.00305574992672, 0.333634166717, -4.92484114486
6.567, 0.00295901787467, 0.333543615341, -4.92507670241
6.587, 0.00285332114436, 0.333191461563, -4.92538569273
6.608, 0.00275484472513, 0.330045337677, -4.92574236692
6.628, 0.00267971120775, 0.336745128631, -4.92607090789
6.647, 0.00261842249893, 0.328006057739, -4.92648623305
6.667, 0.00259318342432, 0.326427955627, -4.92692253889
6.687, 0.00257258489728, 0.327239341736, -4.92727635206
6.707, 0.00252003897913, 0.325218791962, -4.92765496077
6.727, 0.00244323536754, 0.323062400818, -4.92803881484
6.747, 0.00233699707314, 0.320409030914, -4.9285189897
6.767, 0.00222461437806, 0.320126495361, -4.92895386535
6.787, 0.00212317914702, 0.317092189789, -4.92938969451
6.807, 0.00204762420617, 0.313963050842, -4.92987940611
6.827, 0.00196628272533, 0.307749195099, -4.9304773599
6.849, 0.00188407395035, 0.311701869965, -4.93097565474
6.867, 0.00176903454121, 0.28406961441, -4.93165562468
6.887, 0.00170778355096, 0.296175365448, -4.9319689067
6.907, 0.00161812803708, 0.289163284302, -4.93232891875
6.929, 0.00153625756502, 0.289662704468, -4.93264458495
6.947, 0.00148488918785, 0.28241607666, -4.93293640913
6.967, 0.00149776355829, 0.274868087769, -4.93318722564
6.988, 0.00155322009232, 0.274237823486, -4.9335596353
7.007, 0.00161125452723, 0.266124782562, -4.93375513869
7.027, 0.00167252647225, 0.260601921082, -4.93385384382
7.048, 0.00174220988993, 0.254621715546, -4.93395350279
7.068, 0.00178824504837, 0.253201808929, -4.93413517791
7.087, 0.00178378052078, 0.244827041626, -4.93434737044
7.108, 0.00175898522139, 0.238908882141, -4.93460104765
7.127, 0.00173074600752, 0.229807777405, -4.93491385282
7.147, 0.00167592871003, 0.212097854614, -4.93531153501
7.168, 0.00163271487691, 0.235320358276, -4.93552038969
7.187, 0.00156316685025, 0.212930984497, -4.93585608305
7.207, 0.0015544986818, 0.208592472076, -4.93614361586
7.227, 0.00160202709958, 0.211691017151, -4.9363982469
7.249, 0.00167423405219, 0.223631988525, -4.93661091627
7.268, 0.00177083478775, 0.217934837341, -4.93683121504
7.287, 0.00187602115329, 0.218367862701, -4.93705008329
7.307, 0.0019535261672, 0.221770629883, -4.93725560011
7.328, 0.00198007072322, 0.228255889893, -4.9375164302
7.348, 0.00198928196914, 0.234616477966, -4.93780825454
7.366, 0.00202796165831, 0.220556598663, -4.93814966994
7.388, 0.00209164037369, 0.238812541962, -4.93846581282
7.407, 0.00219319737516, 0.239461357117, -4.9388010295
7.427, 0.00234954175539, 0.243334503174, -4.93917057814
7.449, 0.0025644695852, 0.256073917389, -4.93951914626
7.467, 0.00285298191011, 0.242744251251, -4.93999932112
7.487, 0.00298552424647, 0.254284069061, -4.94031308013
7.507, 0.0031424141489, 0.257902584076, -4.94082138838
7.527, 0.00327141745947, 0.264048336029, -4.94130680877
7.547, 0.00339034781791, 0.260694145203, -4.94175169767
7.567, 0.00352854304947, 0.269201629639, -4.94218800383
7.587, 0.0036485241726, 0.26791526413, -4.94259522277
7.606, 0.00382255436853, 0.266886264801, -4.9431807788
7.627, 0.00398184126243, 0.271383590698, -4.94366762938
7.648, 0.00414484413341, 0.275738342285, -4.94407103377
7.667, 0.00431605707854, 0.276910247803, -4.94432614149
7.687, 0.00452782958746, 0.277962207794, -4.94456265272
7.707, 0.0047678030096, 0.278769073486, -4.9448511392
7.729, 0.00505203893408, 0.282309127808, -4.94521401228
7.745, 0.00536452792585, 0.267513965607, -4.94548914732
7.767, 0.00567756174132, 0.273425331116, -4.94569275679
7.787, 0.00598453916609, 0.273146697998, -4.94578574019
7.807, 0.00630498211831, 0.275738842011, -4.94585059005
7.827, 0.00667353905737, 0.275194091797, -4.94598982634
7.847, 0.00707393325865, 0.268486698151, -4.94616577941
7.868, 0.00734476186335, 0.279918926239, -4.94630453902
7.887, 0.00768813304603, 0.270069953919, -4.94648859816
7.907, 0.00798608921468, 0.272190029144, -4.94665263015
7.932, 0.00829590205103, 0.283069736481, -4.94683668913
7.947, 0.00865887291729, 0.254480628967, -4.94710276426
7.966, 0.00888437777758, 0.262412437439, -4.94722578825
7.987, 0.00918567366898, 0.266861820221, -4.94735262693
8.007, 0.00948258955032, 0.265173873902, -4.94745705427
8.027, 0.00976889953017, 0.263360996246, -4.9475562364
8.049, 0.0100675588474, 0.258232887268, -4.94765494185
8.067, 0.0102894622833, 0.253277694702, -4.94774077254
8.088, 0.010462962091, 0.260214736939, -4.94781420546
8.108, 0.0106127262115, 0.251924545288, -4.94788859206
8.127, 0.0107487440109, 0.246396629334, -4.94796250182
8.147, 0.0108592063189, 0.247011329651, -4.94802687484
8.167, 0.010960733518, 0.25354019928, -4.94811032134
8.187, 0.0110654672608, 0.251863769531, -4.94819615203
8.207, 0.0111691327766, 0.262618675232, -4.94828627409
8.231, 0.0112467650324, 0.287320175171, -4.94835064727
8.249, 0.0112848589197, 0.265114128113, -4.94843027891
8.267, 0.0112852733582, 0.284086799622, -4.94846556486
8.287, 0.0112684322521, 0.284500030518, -4.94853470641
8.307, 0.0112427733839, 0.298168411255, -4.94864819349
8.327, 0.0112095419317, 0.295010116577, -4.94877169432
8.347, 0.0111712189391, 0.305812721253, -4.94889281095
8.367, 0.011133749038, 0.315532859803, -4.9489786418
8.387, 0.0110881933942, 0.308711486817, -4.94908640684
8.408, 0.0110433949158, 0.329433288575, -4.94912598433
8.427, 0.0109930904582, 0.329008224488, -4.94911883177
8.448, 0.0109362034127, 0.33888861084, -4.94912312346
8.467, 0.01087745931, 0.348242553711, -4.94913170653
8.487, 0.0108017008752, 0.351226921082, -4.94912503065
8.508, 0.0107175493613, 0.360055389405, -4.94910881819
8.527, 0.0106092942879, 0.361860031128, -4.94908068496
8.547, 0.0104996869341, 0.373351158143, -4.949086407
8.568, 0.0103594390675, 0.378302001954, -4.94908163847
8.588, 0.0102216657251, 0.386042327881, -4.94904396833
8.607, 0.0100654605776, 0.380133651734, -4.94894240218
8.627, 0.00994065962732, 0.390772209168, -4.94880316557
8.647, 0.00980754569173, 0.390932731629, -4.94863102735
8.668, 0.00968390982598, 0.397438049317, -4.94844219984
8.688, 0.00954110454768, 0.400425277711, -4.94812605697
8.707, 0.00940407533199, 0.395942329407, -4.94774935561
8.727, 0.00925406161696, 0.398133224488, -4.94732401686
8.748, 0.00908391736448, 0.407012268067, -4.94692681151
8.767, 0.00890718121082, 0.401584228516, -4.94651053267
8.787, 0.00873079709709, 0.399326217652, -4.94605849089
8.807, 0.00854505226016, 0.407217254639, -4.94558546843
8.828, 0.00834832247347, 0.407743034363, -4.94510624708
8.845, 0.00817909836769, 0.404387329102, -4.94466708006
8.868, 0.00803834665567, 0.411134925843, -4.94412968474
8.887, 0.00791177805513, 0.400042045594, -4.94357512297
8.908, 0.00774929858744, 0.409655433655, -4.94299052077
8.927, 0.00756600638852, 0.401470321656, -4.94246313887
8.947, 0.00737841520458, 0.399980033875, -4.94195387679
8.969, 0.00715866219252, 0.408713180543, -4.94140980543
8.987, 0.00689189787954, 0.403293724061, -4.94086859526
9.007, 0.00658169528469, 0.400986137391, -4.94026396574
9.028, 0.00627836212516, 0.394713172913, -4.93955729307
9.044, 0.00600235303864, 0.377757087708, -4.93885681929
9.068, 0.00571147771552, 0.392009178162, -4.93825362044
9.088, 0.00540550658479, 0.384982795716, -4.93770430387
9.107, 0.00510227447376, 0.374005340577, -4.93706915694
9.128, 0.00489322980866, 0.380874023438, -4.93651936354
9.148, 0.00468995934352, 0.375895889283, -4.9358079225
9.167, 0.00451264344156, 0.389141838075, -4.93506262618
9.187, 0.00434137834236, 0.382704032899, -4.93417713958
9.207, 0.00423110509291, 0.391509384156, -4.93332693892
9.227, 0.00411788839847, 0.39258329773, -4.93240282851
9.248, 0.00397337973118, 0.404986198426, -4.93160126509
9.268, 0.00377445691265, 0.413407508851, -4.93080780822
9.289, 0.00355475605465, 0.425836738587, -4.92995570005
9.308, 0.00337889953516, 0.413878486634, -4.9289977342
9.327, 0.0032669021748, 0.421562316895, -4.92798350157
9.348, 0.00323483045213, 0.425282676698, -4.92688534559
9.368, 0.00328023731709, 0.432819931031, -4.92591355162
9.387, 0.00337615283206, 0.428163589478, -4.92504332381
9.408, 0.00347460713238, 0.435282180787, -4.9242098123
9.427, 0.00351595762186, 0.434106086732, -4.92352698165
9.448, 0.00349672650918, 0.436767204285, -4.92289851011
9.467, 0.00347490701824, 0.439050376893, -4.92209217848
9.487, 0.00353555963375, 0.425435798646, -4.92111990751
9.507, 0.00363293662667, 0.442695182801, -4.92063782531
9.527, 0.00381713942625, 0.444075225831, -4.92009518462
9.549, 0.00405712844804, 0.445182144166, -4.9195019992
9.567, 0.00426613399759, 0.449744308472, -4.91895935835
9.588, 0.00448226090521, 0.445929397584, -4.91859839278
9.607, 0.00465003866702, 0.441686576844, -4.9181687625
9.627, 0.00476908776909, 0.449119880677, -4.91783020796
9.649, 0.00491551589221, 0.444121086121, -4.91752550917
9.668, 0.00506070302799, 0.459027671815, -4.91741965133
9.687, 0.00525415176526, 0.437529525757, -4.91734097303
9.706, 0.00549537921324, 0.439738601685, -4.9171755107
9.727, 0.00582326157019, 0.433498786927, -4.91696713286
9.749, 0.0062685883604, 0.426453033448, -4.91676590742
9.767, 0.00669706659392, 0.411386383057, -4.91661236586
9.788, 0.00703763170168, 0.412812286378, -4.91653797942
9.807, 0.00746478000656, 0.393351478577, -4.91651985961
9.829, 0.00786614045501, 0.429864631653, -4.91656039061
9.847, 0.00828769709915, 0.417997558594, -4.91666481794
9.867, 0.00868755951524, 0.410124473572, -4.91685126127
9.887, 0.00913913082331, 0.397401580811, -4.91711352171
9.907, 0.00949556007981, 0.401367034913, -4.91729662718
9.927, 0.00988093670458, 0.400667404175, -4.91749165374
9.948, 0.0102957533672, 0.391176803589, -4.91777203382
9.968, 0.0106106940657, 0.406702323914, -4.91803381742
9.988, 0.0109963156283, 0.384650009156, -4.91840813459
10.007, 0.0113166021183, 0.374975723267, -4.91875288802
10.028, 0.0116162151098, 0.37720225525, -4.91896317321
10.049, 0.0118706179783, 0.383942237854, -4.91909239592
10.068, 0.0121643375605, 0.361453140259, -4.91926834883
10.088, 0.0124225998297, 0.347199310303, -4.91949580031
10.107, 0.0126361772418, 0.345473236084, -4.91975043135
10.127, 0.0128122009337, 0.355663238526, -4.92006562056
10.148, 0.0129490420222, 0.355142379761, -4.9203908235
10.167, 0.0130395879969, 0.363154045105, -4.92066405119
10.188, 0.0131244370714, 0.35831742096, -4.92097733336
10.206, 0.0131796421483, 0.357028114319, -4.92123339476
10.227, 0.0132331559435, 0.365070861817, -4.92148182708
10.249, 0.0132879735902, 0.386769622803, -4.92180846037
10.267, 0.0133196217939, 0.350362426758, -4.92218087019
10.287, 0.0133015187457, 0.375564071656, -4.9224312097
10.307, 0.0132358642295, 0.383873458863, -4.92281410994
10.327, 0.0131445433944, 0.387512527466, -4.92319081129
10.348, 0.0130446627736, 0.395445037842, -4.92359421553
10.367, 0.0129321794957, 0.3990078125, -4.92407152952
10.387, 0.0128222862259, 0.380319671631, -4.92465851622
10.407, 0.0127472970635, 0.396985153199, -4.92513630706
10.428, 0.0126582859084, 0.409011398316, -4.92560694517
10.447, 0.0124968476593, 0.39435786438, -4.92603943647
10.467, 0.0123271010816, 0.414971557618, -4.92631218733
10.488, 0.0120997382328, 0.413340621949, -4.92667601408
10.508, 0.0118672810495, 0.41138105774, -4.92700980025
10.527, 0.0116266822442, 0.413711685181, -4.92730067092
10.547, 0.0113848540932, 0.411416992188, -4.92748329955
10.568, 0.0111719006673, 0.422150054932, -4.92758629621
10.588, 0.0109376991168, 0.428121810914, -4.92761538328
10.608, 0.0106636602432, 0.424944015503, -4.92755863966
10.627, 0.0103954281658, 0.42141470337, -4.92738840895
10.647, 0.0100881448016, 0.413151916504, -4.92725107985
10.669, 0.00984099600464, 0.436008651734, -4.92716429549
10.687, 0.0095435846597, 0.422716964722, -4.92705462294
10.707, 0.00929207820445, 0.427193923951, -4.92687533201
10.726, 0.00905549246818, 0.413410705567, -4.92664072829
10.748, 0.00888734403998, 0.426468826295, -4.92652056517
10.767, 0.0087185241282, 0.421257232667, -4.9264304431
10.787, 0.00857534073293, 0.429422439576, -4.92639420348
10.807, 0.00837983563542, 0.423677917481, -4.92640278639
10.827, 0.00815788563341, 0.422354064942, -4.92640374006
10.847, 0.00791411846876, 0.411811431885, -4.92637560683
10.868, 0.00773302977905, 0.441982070923, -4.92630360442
10.888, 0.00752613088116, 0.422127197266, -4.92628691512
10.907, 0.00736891385168, 0.41590032959, -4.92628262358
10.927, 0.00723310234025, 0.413840805054, -4.92611716093
10.949, 0.007170220837, 0.425280151368, -4.92613671125
10.967, 0.00712348381057, 0.3906877594, -4.92631266433
10.987, 0.00709511246532, 0.411271713257, -4.92646239119
11.007, 0.00705561507493, 0.404086013795, -4.9267031938
11.028, 0.00701509555802, 0.410416915894, -4.92694638091
11.048, 0.00695048086345, 0.407488983155, -4.92724583464
11.067, 0.00685113389045, 0.395288864136, -4.92759774031
11.088, 0.00676958542317, 0.399247833253, -4.92791674437
11.108, 0.00674199825153, 0.405888839722, -4.92812750639
11.127, 0.0067664720118, 0.412369628907, -4.92809746565
11.147, 0.00682258373126, 0.418667312623, -4.92801688017
11.168, 0.00690112495795, 0.424791427613, -4.92799446882
11.187, 0.00697286007926, 0.42048173523, -4.92803595382
11.207, 0.0070344991982, 0.426988998414, -4.92808268386
11.227, 0.00709047261626, 0.422836547852, -4.92817757445
11.249, 0.00715639255941, 0.453594451905, -4.92840979399
11.268, 0.00721811968833, 0.444234100342, -4.92869303542
11.287, 0.00726661179215, 0.464468551636, -4.92900822478
11.307, 0.00730248121545, 0.465107131958, -4.92940161544
11.327, 0.00731787923723, 0.465340515137, -4.92978976072
11.351, 0.00730299344286, 0.480415588379, -4.93015740217
11.368, 0.00725337583572, 0.461507659912, -4.93053696455
11.387, 0.00722416304052, 0.475029769898, -4.93076060134
11.407, 0.00718259811401, 0.479576507569, -4.93105814772
11.431, 0.0071347663179, 0.503947769165, -4.93129275161
11.448, 0.00707647763193, 0.497915740967, -4.93144676985
11.467, 0.00699462974444, 0.497045608521, -4.93158934416
11.488, 0.00690010096878, 0.510347076416, -4.93170187773
11.508, 0.00675009889528, 0.499033370972, -4.93180868941
11.533, 0.0066207414493, 0.546747375488, -4.93193600477
11.547, 0.00644583534449, 0.490187164307, -4.93218396009
11.567, 0.00634876452386, 0.517033554077, -4.93236277419
11.588, 0.00623821746558, 0.499074035645, -4.93254349547
11.607, 0.00612809183076, 0.510818878174, -4.93263933974
11.627, 0.0060184081085, 0.527190948486, -4.93268225509
11.647, 0.00588466227055, 0.523336883545, -4.93263266386
11.667, 0.00572559470311, 0.524107070923, -4.93259690107
11.687, 0.00553878303617, 0.514488998413, -4.93252108413
11.708, 0.00535824289545, 0.52948777771, -4.93246100264
11.727, 0.00516251660883, 0.514104858398, -4.93247101622
11.749, 0.00500439992175, 0.533422714233, -4.93253300489
11.768, 0.00485096080229, 0.507313095093, -4.93263743223
11.788, 0.00471666408703, 0.520929885864, -4.93276617843
11.807, 0.00459393905476, 0.519347473144, -4.93289540113
11.827, 0.00444326363504, 0.512293716431, -4.93293831648
11.848, 0.00428398186341, 0.515135284424, -4.93288395704
11.865, 0.0040952898562, 0.507571426391, -4.93277571517
11.887, 0.00387866841629, 0.494558273315, -4.9327833444
11.907, 0.0036694703158, 0.496408859253, -4.93285487014
11.927, 0.00348011567257, 0.493066802978, -4.93294689971
11.947, 0.00330623937771, 0.479397521972, -4.93303511442
11.967, 0.00319418008439, 0.521847702026, -4.93304798919
11.988, 0.00299739162438, 0.492219635009, -4.93309042753
12.007, 0.00281791668385, 0.477890411377, -4.93308232146
12.027, 0.00260018766858, 0.442427764892, -4.93295929731
12.048, 0.00247870804742, 0.479782897949, -4.9327299388
12.068, 0.00237182388082, 0.499557968139, -4.93247816862
12.088, 0.0023027008865, 0.509505859375, -4.93214438261
12.107, 0.00230943621136, 0.529871688842, -4.93178007902
12.126, 0.00236157723702, 0.527670806884, -4.93141100706
12.151, 0.00239049107768, 0.595127349853, -4.93115303832
12.168, 0.0023475093767, 0.543142410278, -4.93068859877
12.188, 0.00229742564261, 0.595438644409, -4.93035672026
12.208, 0.00220665382221, 0.604799072265, -4.92981837111
12.228, 0.00213899440132, 0.619332229614, -4.92920515853
12.248, 0.00213584094308, 0.639020950317, -4.92861101943
12.267, 0.00224325992167, 0.635931243896, -4.92818234282
12.287, 0.00245870836079, 0.649185089111, -4.92776081861
12.308, 0.00278868852183, 0.66950982666, -4.92719624342
12.327, 0.0031225902494, 0.688153320312, -4.92641899885
12.349, 0.00348694482818, 0.695675064087, -4.92543814482
12.367, 0.00377287529409, 0.707989974975, -4.92456219496
12.388, 0.00398203637451, 0.725732681274, -4.92362473327
12.408, 0.0041568307206, 0.730855499267, -4.92269251646
12.428, 0.00433519342914, 0.741280227661, -4.92185614408
12.448, 0.00451940251514, 0.751029754638, -4.92095778288
12.468, 0.00469968141988, 0.765641113281, -4.92004082502
12.487, 0.00491661997512, 0.768392578125, -4.91904042067
12.507, 0.00513262534514, 0.775769882202, -4.91757319289
12.53, 0.00538949016482, 0.795260589599, -4.91558144392
12.548, 0.00571361463517, 0.773231781006, -4.91277191938
12.567, 0.00591318402439, 0.78348310852, -4.91098616423
12.591, 0.00617995020002, 0.818492874145, -4.90851281005
12.608, 0.00647626724094, 0.775643096924, -4.90533755125
12.627, 0.00662146275863, 0.808103424072, -4.90338108839
12.649, 0.00677482178435, 0.822538269043, -4.90107701124
12.667, 0.00688660563901, 0.812006088257, -4.89917300047
12.687, 0.00695677055046, 0.818564620971, -4.89763996901
12.707, 0.00700031267479, 0.812350158691, -4.89615366774
12.727, 0.00705628888682, 0.805389404297, -4.89448712188
12.747, 0.00717057613656, 0.797843612671, -4.89279291929
12.767, 0.00734991999343, 0.79548286438, -4.89115450698
12.787, 0.00754393497482, 0.804631057739, -4.88997671904
12.807, 0.00774811347947, 0.813105957031, -4.88900063353
12.827, 0.00796223245561, 0.802689605713, -4.88810322584
12.847, 0.00814377516508, 0.797941894531, -4.88694117385
12.867, 0.00828982517123, 0.786104049682, -4.88545868712
12.888, 0.00838073156774, 0.804332092285, -4.88410733046
12.907, 0.00844490062445, 0.77309564209, -4.88271115126
12.927, 0.00847736652941, 0.760094833374, -4.88136170226
12.948, 0.00849767122418, 0.764609558105, -4.88020298796
12.967, 0.00853288639337, 0.762618835449, -4.87922308744
12.988, 0.00858933292329, 0.748643890381, -4.8782446176
13.007, 0.00866444222629, 0.729454833984, -4.87704871016
13.027, 0.0087207686156, 0.753852371216, -4.87579272093
13.049, 0.00874965637922, 0.758573699951, -4.87412808257
13.067, 0.00873896386474, 0.761427642822, -4.87261650878
13.088, 0.0086962627247, 0.778544830322, -4.87103817762
13.106, 0.00863992329687, 0.774864227295, -4.86955569106
13.127, 0.00859089288861, 0.797960952759, -4.86824438871
13.15, 0.00856954511255, 0.835284683228, -4.86682722868
13.168, 0.00861126277596, 0.816356643677, -4.86534188093
13.187, 0.00868909992278, 0.81815776062, -4.86379645186
13.207, 0.00876819714904, 0.826638442993, -4.86241028624
13.228, 0.00884336233139, 0.848701416016, -4.8614485057
13.246, 0.00888356007636, 0.829096328735, -4.86063645202
13.267, 0.00883677601814, 0.863225158691, -4.86005089582
13.287, 0.00866731721908, 0.863342117309, -4.85921595396
13.308, 0.00843701418489, 0.86960836792, -4.85828945936
13.327, 0.00819620117545, 0.875292877197, -4.85737488569
13.351, 0.00794559717178, 0.92927166748, -4.85673497039
13.367, 0.00768130226061, 0.877601959228, -4.85606358367
13.387, 0.0074227489531, 0.874447814941, -4.85537026244
13.408, 0.00725044542924, 0.891366638183, -4.85465691389
13.428, 0.00712869688869, 0.893869689941, -4.8538062364
13.447, 0.00705470889807, 0.888655548095, -4.8530413896
13.468, 0.00701403478161, 0.903892120361, -4.85229037107
13.487, 0.00700152898207, 0.904468749999, -4.85149834455
13.508, 0.00698084197938, 0.897259582519, -4.85092709364
13.527, 0.00691565545276, 0.896245483398, -4.85063097776
13.55, 0.00680573098361, 0.91548751831, -4.85041878539
13.568, 0.00661208713427, 0.856348754882, -4.8505408557
13.587, 0.00644037779421, 0.881469177245, -4.8508636743
13.607, 0.00624743010849, 0.891857208251, -4.8513538629
13.627, 0.00602111965418, 0.879917816161, -4.85211584867
13.648, 0.00578857865185, 0.874493927001, -4.85304472746
13.668, 0.0055485535413, 0.875734313964, -4.85397455992
13.687, 0.00527933426201, 0.868784576415, -4.85478661376
13.708, 0.00502549577504, 0.861617370604, -4.85541317778
13.729, 0.0047508678399, 0.85398095703, -4.85576460677
13.748, 0.00444790301844, 0.846287292479, -4.85593531431
13.767, 0.00409817043692, 0.823292877196, -4.85597775298
13.787, 0.00378427514806, 0.814248840331, -4.85595248061
13.808, 0.00347302155569, 0.818754669188, -4.85587189513
13.828, 0.00313964183442, 0.794345001219, -4.85568545164
13.847, 0.00283499713987, 0.770045928954, -4.85537169279
13.867, 0.00255592283793, 0.773971893309, -4.85500262099
13.887, 0.00226649688557, 0.770707122801, -4.85462353545
13.909, 0.00196055253036, 0.766191192625, -4.85444090682
13.927, 0.00172574527096, 0.741174957274, -4.85443613845
13.947, 0.0015626240056, 0.737727081297, -4.85462830382
13.966, 0.00145064026583, 0.734881896971, -4.85485003294
13.987, 0.00136464112438, 0.73140472412, -4.8550946504
14.006, 0.00134632817935, 0.732659332274, -4.85532162505
14.027, 0.00135277269874, 0.742005493163, -4.85567162352
14.048, 0.0013670764165, 0.775011566161, -4.85581085997
14.067, 0.00139946094714, 0.776624755858, -4.85574839415
14.087, 0.00145565846469, 0.762825988768, -4.85591290297
14.108, 0.00151231326163, 0.788645172118, -4.85627053083
14.13, 0.00156274880283, 0.830086120604, -4.85666010695
14.147, 0.00166362605523, 0.763605804442, -4.85753557981
14.167, 0.00172979105264, 0.826109771727, -4.85808441938
14.188, 0.00185933732428, 0.844555145263, -4.85896132292
14.208, 0.00201889569871, 0.861805358886, -4.8598105699
14.227, 0.00224392185919, 0.83969378662, -4.86070320922
14.248, 0.00244207680225, 0.871787567138, -4.8614980966
14.268, 0.00265364930965, 0.8811272583, -4.86234972776
14.288, 0.0028295617085, 0.873031463622, -4.86295244993
14.307, 0.00299169193022, 0.887966156005, -4.86334870161
14.329, 0.00315839936957, 0.902619140624, -4.86354325133
14.348, 0.00330781261437, 0.923947265624, -4.8636095317
14.368, 0.00351926265284, 0.897682647705, -4.86382172407
14.387, 0.00372929545119, 0.893814117431, -4.86371634322
14.407, 0.00393478851765, 0.904937927246, -4.86355326491
14.427, 0.00415744818747, 0.899513580322, -4.86324808913
14.449, 0.0043647470884, 0.925066314697, -4.86303255857
14.467, 0.00456772558391, 0.909901885986, -4.86254809202
14.487, 0.00474516535178, 0.918099822998, -4.86180756391
14.507, 0.0049117943272, 0.909653656006, -4.86091444808
14.529, 0.00509087881073, 0.908487091064, -4.85997555555
14.549, 0.00533001404256, 0.882235656738, -4.85879967512
14.567, 0.00546523556113, 0.896614898682, -4.8580448419
14.587, 0.00566298514605, 0.893624908447, -4.85704586821
14.608, 0.00585128134117, 0.898107910156, -4.85648367704
14.627, 0.00604039710015, 0.894022521973, -4.85609362425
14.647, 0.00621362030506, 0.889235809326, -4.85560915786
14.667, 0.00632495665923, 0.892508972168, -4.8551323207
14.688, 0.00642918236554, 0.879164733887, -4.85453198256
14.709, 0.00656215194613, 0.889442840577, -4.85386345686
14.727, 0.00670572370291, 0.867613555909, -4.85334370452
14.748, 0.00686759315431, 0.868736389161, -4.85293696242
14.768, 0.00704659847543, 0.853774719239, -4.85262320341
14.787, 0.00725888973102, 0.838846801758, -4.85224602522
14.808, 0.00752635952085, 0.838878631592, -4.85175631346
14.827, 0.00780459400266, 0.84745098877, -4.85115692931
14.846, 0.00816350057721, 0.807074645997, -4.85022328199
14.867, 0.00851436704397, 0.838896087647, -4.84936735946
14.888, 0.00882302597165, 0.814580200196, -4.8485080989
14.907, 0.00910196360201, 0.798119354249, -4.84767506422
14.927, 0.00936397537589, 0.789871551515, -4.84704850035
14.943, 0.00961309298873, 0.758421569825, -4.8465010913
14.968, 0.00985426548868, 0.823258819581, -4.84614632445
14.988, 0.010103280656, 0.816379486085, -4.84580872358
15.006, 0.010355242528, 0.808686492921, -4.84563086332
15.027, 0.0106024993584, 0.819288360597, -4.84533903914
15.047, 0.0107848728076, 0.838191009522, -4.8450338632
15.069, 0.0109348194674, 0.865451660157, -4.8446891101
15.088, 0.011114208959, 0.866576690675, -4.8442656787
15.107, 0.0112902186811, 0.866680938722, -4.84373209792
15.127, 0.0115061281249, 0.876729675294, -4.8429972917
15.148, 0.0117522012442, 0.860183898927, -4.84229872542
15.167, 0.0119262309745, 0.895630889894, -4.84167406858
15.187, 0.0120285227895, 0.895824005128, -4.84087202864
15.208, 0.0120233846828, 0.922673797608, -4.84014914351
15.228, 0.0119457971305, 0.939679412843, -4.83954403716
15.247, 0.0118039064109, 0.903719512941, -4.83902333098
15.268, 0.0116777587682, 0.937327819825, -4.83853171171
15.287, 0.0115456897765, 0.935209228517, -4.8378827365
15.307, 0.0114543065429, 0.950590911866, -4.8374664575
15.329, 0.0113945258781, 0.965572052003, -4.83718607741
15.35, 0.0113044651225, 0.936366424562, -4.83658716994
15.367, 0.0112030049786, 0.967691284181, -4.83597681822
15.387, 0.0110415145755, 0.963802673341, -4.83521387893
15.408, 0.0108575401828, 0.977509704591, -4.83468649687
15.427, 0.0106880143285, 0.981643402101, -4.83411286193
15.448, 0.0105088176206, 0.968178344728, -4.83320114912
15.467, 0.0104115614668, 0.97116156006, -4.83235285598
15.488, 0.0103652104735, 0.992317138673, -4.8313953668
15.507, 0.0103806518018, 0.97675442505, -4.83064196409
15.527, 0.0103976698592, 0.98769961548, -4.82979605513
15.547, 0.0103755630553, 0.989147766114, -4.82865736784
15.567, 0.0103084184229, 1.00821289063, -4.82715819197
15.588, 0.0102185979486, 1.00860437012, -4.8257605821
15.608, 0.0101022049785, 1.00839807129, -4.82440111937
15.627, 0.00997386034578, 0.998555847169, -4.8229925424
15.648, 0.00985272601247, 1.00607925415, -4.82191727477
15.667, 0.00974045787007, 0.985768371583, -4.82123778166
15.687, 0.00965753383934, 0.982997467042, -4.82103178817
15.707, 0.00957045704126, 0.988597137452, -4.82116148787
15.727, 0.0094541516155, 0.984092803956, -4.82173035444
15.748, 0.00933546200395, 0.997437438966, -4.82234261351
15.767, 0.00918428041041, 0.973792510988, -4.82282898725
15.788, 0.009018429555, 0.967948089601, -4.82315514387
15.808, 0.00881390273571, 0.9523571167, -4.82337925734
15.827, 0.00860293675214, 0.955019470216, -4.82350800337
15.847, 0.00837212707847, 0.948208801271, -4.82392475921
15.867, 0.0081029785797, 0.940255981447, -4.82427380384
15.887, 0.0078361807391, 0.923363067628, -4.82437441665
15.907, 0.00756162544712, 0.924164978029, -4.82451603712
15.927, 0.00729955313727, 0.93006112671, -4.82484791594
15.948, 0.00696770800278, 0.923410888673, -4.82537005263
15.967, 0.00672389799729, 0.962598510743, -4.82566712218
15.987, 0.00642315344885, 0.96303857422, -4.82623598875
16.008, 0.00612627808005, 0.982599578859, -4.8268615991
16.027, 0.00578646268696, 0.962804809571, -4.82757447065
16.048, 0.00545180914924, 1.00227593994, -4.82817623931
16.067, 0.00510923843831, 0.971636444093, -4.8286907466
16.087, 0.00480206869543, 1.02999414063, -4.82919667067
16.107, 0.00443161046132, 1.01015145874, -4.82970879393
16.128, 0.00409636506811, 1.03917245483, -4.83049605208
16.148, 0.00376069941558, 1.03791879273, -4.83156130613
16.168, 0.00341631728224, 1.03681939697, -4.83258650602
16.187, 0.00312980776653, 1.05413186646, -4.83337948638
16.207, 0.00281835626811, 1.06179101563, -4.8344499858
16.228, 0.00249521643855, 1.07932214356, -4.8356268199
16.248, 0.00219344184734, 1.07606195068, -4.83662245573
16.267, 0.00192589871585, 1.09172265625, -4.83745596724
16.288, 0.00159168208484, 1.09809197998, -4.83853171187
16.308, 0.00127471378073, 1.08358987427, -4.83945915998
16.326, 0.00100127467886, 1.07805825806, -4.84002754988
16.346, 0.000733782595489, 1.08219644165, -4.84034893812
16.367, 0.000500256486703, 1.09549371338, -4.84052107634
16.387, 0.000269171956461, 1.09825646973, -4.84084818679
16.408, 8.00724883447e-05, 1.12010415649, -4.8408953935
16.429, -0.000112910216558, 1.13135629272, -4.84082196058
16.448, -0.000275685335509, 1.11182305908, -4.84053156691
16.467, -0.000431438966189, 1.13162561035, -4.83994028868
16.487, -0.000553956197109, 1.11072839355, -4.83914444746
16.507, -0.0006575746811, 1.09910256958, -4.83836672622
16.528, -0.000746473961044, 1.12696389771, -4.83756802398
16.548, -0.000829186988994, 1.13407540894, -4.83677981199
16.568, -0.000904250657186, 1.0903951416, -4.83592150527
16.588, -0.000972762936726, 1.09627832031, -4.83520720304
16.606, -0.00103876076173, 1.10177453613, -4.83476088346
16.63, -0.00110937829595, 1.10626702881, -4.83418009581
16.648, -0.00116794533096, 1.0908210144, -4.83357165159
16.666, -0.00121629796922, 1.05467477417, -4.83272860366
16.688, -0.00125032186043, 1.06745996094, -4.83156130629
16.708, -0.00125862995628, 1.08081231689, -4.83052323164
16.729, -0.00124261889141, 1.04263238525, -4.82935498076
16.748, -0.00118559773546, 0.973006225586, -4.82865784484
16.769, -0.00114428892266, 1.04668756103, -4.82843754591
16.787, -0.00109467038419, 0.966187835693, -4.82815955001
16.807, -0.0010746497428, 1.02988656616, -4.82796929182
16.827, -0.00105170928873, 0.999818359374, -4.82740662397
16.847, -0.00103623827454, 1.0014486084, -4.82682631331
16.868, -0.0010175567586, 0.99156564331, -4.82617686094
16.887, -0.000981687568128, 0.982537628173, -4.82571909743
16.907, -0.00091530388454, 0.973015380859, -4.82530234176
16.927, -0.000827575859148, 0.932945495605, -4.82511256057
16.947, -0.000740057963412, 0.953825927734, -4.82470295745
16.967, -0.000646927161142, 0.964614807129, -4.82416317762
16.988, -0.000527238356881, 0.923194061279, -4.82366154493
17.008, -0.000423077086452, 0.933528991699, -4.82328484374
17.03, -0.000307341775624, 0.943049255371, -4.82315466719
17.05, -0.000150644802488, 0.869621520996, -4.82300064863
17.067, -1.60219187819e-05, 0.838615356446, -4.82300494017
17.088, 8.5358893557e-05, 0.880244384766, -4.82295439543
17.107, 0.000216334403376, 0.859009338379, -4.82280466872
17.127, 0.000343924504705, 0.867759033204, -4.82256291228
17.144, 0.000464456388727, 0.807075439454, -4.82220528441
17.168, 0.000590675510466, 0.855848022462, -4.82160637694
17.187, 0.000722795666661, 0.814099670411, -4.82090590316
17.208, 0.000842726440169, 0.833538146974, -4.82033560592
17.227, 0.000978872412816, 0.77134515381, -4.82002995314
17.248, 0.00109410111327, 0.790806518556, -4.82003901304
17.268, 0.0012136065634, 0.759762207033, -4.82001040281
17.287, 0.00132671021856, 0.779315124513, -4.8200795442
17.308, 0.00144513498526, 0.768385253908, -4.82020972074
17.328, 0.001567588537, 0.757623229982, -4.82031939329
17.349, 0.00171573192347, 0.735565429689, -4.82046530546
17.367, 0.00182874256279, 0.726907897951, -4.82078001815
17.388, 0.00197187438607, 0.726593872072, -4.8211734088
17.407, 0.00210483046249, 0.70765740967, -4.82162115889
17.427, 0.00225519109517, 0.688258911135, -4.82230303603
17.447, 0.00240280432627, 0.679778076174, -4.82322714644
17.467, 0.00254566036165, 0.692138610842, -4.82412836851
17.488, 0.00270126247779, 0.674151550295, -4.82509157957
17.508, 0.00283830938861, 0.667290283206, -4.82616207915
17.527, 0.00298507418483, 0.650066162112, -4.82759831267
17.549, 0.00310780364089, 0.684168334964, -4.82901642638
17.561, 0.00324680400081, 0.587653747561, -4.83093188124
17.59, 0.00338839879259, 0.661266723636, -4.83322213012
17.607, 0.00351419905201, 0.615837646487, -4.83553145247
17.627, 0.00363210891373, 0.631013427737, -4.83785698713
17.649, 0.00375325512141, 0.636263366702, -4.84037945586
17.667, 0.00386001425795, 0.642272888187, -4.84276078047
17.688, 0.00398814212531, 0.627739807132, -4.84580061751
17.708, 0.00409802934155, 0.634159179691, -4.84852955657
17.728, 0.00421296618879, 0.630713745121, -4.85145972091
17.748, 0.00432455120608, 0.61760400391, -4.85440371336
17.767, 0.00444037187845, 0.614743896488, -4.85752508956
17.787, 0.0045453319326, 0.602528930668, -4.86038563567
17.809, 0.00465810438618, 0.61050042725, -4.86352465468
17.827, 0.00475695822388, 0.60901025391, -4.8663565904
17.848, 0.00484327133745, 0.637943969731, -4.86889765562
17.867, 0.00494813686237, 0.596925903325, -4.8723280223
17.887, 0.00502909207717, 0.586438537602, -4.8753988536
17.907, 0.00510446215048, 0.58635766602, -4.87824890929
17.927, 0.00518230348825, 0.596643005376, -4.88109896482
17.948, 0.00526190409437, 0.587338195806, -4.88406060041
17.967, 0.00533092161641, 0.59829705811, -4.88670752348
17.987, 0.00539966626093, 0.5896505127, -4.88944123107
18.008, 0.00546545628458, 0.60133966065, -4.89210961164
18.027, 0.00553430384025, 0.583438659673, -4.89483568984
18.048, 0.0056027895771, 0.605827575689, -4.89756510557
18.068, 0.0056596910581, 0.6180779419, -4.89985249358
18.088, 0.00572061724961, 0.610766540533, -4.90235493483
18.107, 0.0057757073082, 0.613607727056, -4.9047825128
18.127, 0.00582195678726, 0.626412902838, -4.90703890623
18.147, 0.00586665794253, 0.609783874517, -4.90957854094
18.167, 0.00589567422867, 0.642463623053, -4.91147444548
18.187, 0.00592775037512, 0.605867248541, -4.91371891814
18.208, 0.00595592195168, 0.649354797369, -4.91594288649
18.23, 0.005976641085, 0.652775817877, -4.91800663771
18.247, 0.00599680608138, 0.577381835944, -4.92055676283
18.269, 0.00600666087121, 0.669561096198, -4.92167923766
18.287, 0.0060269725509, 0.63362634278, -4.92367766219
18.307, 0.00604165019467, 0.666982971198, -4.92526314558
18.334, 0.00605529733002, 0.741093994147, -4.92705843764
18.347, 0.00606689741835, 0.60554406739, -4.9289147647
18.368, 0.00606496213004, 0.707730957038, -4.92981884795
18.387, 0.00603782106191, 0.662043701179, -4.93147347273
18.407, 0.00601136684418, 0.655586791999, -4.93267557936
18.427, 0.00599134201184, 0.659068847663, -4.93378708678
18.447, 0.0059762801975, 0.662489868171, -4.93480418044
18.47, 0.00596457859501, 0.705834594734, -4.93577931243
18.487, 0.00596392760053, 0.639939208992, -4.93689368087
18.507, 0.00597025454044, 0.682213378914, -4.93744108992
18.53, 0.00597176048905, 0.715617004402, -4.93815586882
18.548, 0.00595224881545, 0.688862548836, -4.93881104292
18.567, 0.0059239952825, 0.682146240242, -4.93938658553
18.588, 0.00589303672314, 0.675498596199, -4.9399387628
18.607, 0.00586039014161, 0.688934875496, -4.9404256137
18.628, 0.00582877593115, 0.712281738289, -4.94086191954
18.646, 0.0058159083128, 0.695885864266, -4.94125769438
18.667, 0.00583636807278, 0.729370056161, -4.94157812895
18.687, 0.0058611202985, 0.723284851083, -4.94187853636
18.707, 0.00584592437372, 0.697434021005, -4.94209835845
18.727, 0.0058133834973, 0.711032653817, -4.94223044234
18.747, 0.00576835032552, 0.705008483896, -4.94229863005
18.768, 0.00570223201066, 0.738403259286, -4.94228956999
18.788, 0.00557510228828, 0.742310424814, -4.9421798976
18.808, 0.00544688943774, 0.735952697763, -4.94204304518
18.827, 0.00536397285759, 0.749488159189, -4.9417974742
18.85, 0.00531797343865, 0.762871032724, -4.94154951872
18.868, 0.00528631405905, 0.756108947763, -4.94118569213
18.887, 0.00527505390346, 0.739194274912, -4.9407245906
18.908, 0.00528558297083, 0.751961303721, -4.94027827102
18.927, 0.00528476014733, 0.754726196299, -4.9397904666
18.949, 0.00523021863773, 0.777399536143, -4.9392244609
18.969, 0.00511173252016, 0.760251708994, -4.93861220198
18.988, 0.00500058243051, 0.772524963389, -4.93805954756
19.007, 0.00489458302036, 0.755096984873, -4.93737576323
19.027, 0.00484070600942, 0.767442260752, -4.93671152891
19.048, 0.00488655362278, 0.809619689952, -4.93592331709
19.067, 0.00508687179536, 0.761545349132, -4.93498776275
19.087, 0.00543361576274, 0.763181091319, -4.93398306685
19.107, 0.00587940402329, 0.774580322276, -4.93288061918
19.127, 0.00635757669806, 0.785684143077, -4.93185589613
19.147, 0.0069455425255, 0.76672052003, -4.93068096937
19.168, 0.00741136725992, 0.787460266124, -4.92962858976
19.188, 0.00789653323591, 0.778305908214, -4.92823765593
19.207, 0.00824096985161, 0.768959594738, -4.9271733554
19.226, 0.00856037065387, 0.75954248048, -4.92622444929
19.249, 0.00888694636524, 0.780060058605, -4.92522118391
19.267, 0.0091599682346, 0.800351806652, -4.92436478453
19.287, 0.00958030298352, 0.770512939465, -4.92319462615
19.307, 0.0100667933002, 0.780416809094, -4.92206690611
19.328, 0.0105810724199, 0.800139709484, -4.92089102584
19.349, 0.0111950458959, 0.789711242688, -4.91923163237
19.368, 0.0117202075198, 0.799182373059, -4.91797421278
19.387, 0.0122457118705, 0.698475891125, -4.91688797773
19.408, 0.0127215981483, 0.777685485852, -4.91573689283
19.428, 0.0131849050522, 0.776780639661, -4.91438744368
19.449, 0.0136861996725, 0.805662170423, -4.91296217757
19.467, 0.0141954757273, 0.794309326184, -4.91198418456
19.487, 0.0147418966517, 0.792656799329, -4.91106627303
19.508, 0.0152672231197, 0.780844055189, -4.91012499632
19.528, 0.0157641507685, 0.778861328138, -4.90892241317
19.544, 0.016165426001, 0.747012573255, -4.9077384265
19.569, 0.0165254026651, 0.795039611829, -4.90662548841
19.587, 0.0168495010585, 0.742909790052, -4.90537665206
19.607, 0.0170739069581, 0.761169982923, -4.90446541625
19.627, 0.0173037499189, 0.779219909681, -4.90356800872
19.647, 0.0175193101168, 0.767277465834, -4.90277455152
19.668, 0.0177272278816, 0.745325256361, -4.90179083663
19.687, 0.0178955961019, 0.723472229018, -4.90066931547
19.707, 0.0180055312812, 0.731796813979, -4.89945957976
19.729, 0.0180578995496, 0.750276123061, -4.89822457136
19.747, 0.0180543288589, 0.74871514894, -4.89701721968
19.768, 0.0180038437247, 0.7872249756, -4.89610741454
19.787, 0.0179055798799, 0.735570312514, -4.8953497203
19.807, 0.0177848767489, 0.754049621596, -4.89484141172
19.827, 0.0176107659936, 0.752435241714, -4.89440796675
19.847, 0.0173638761044, 0.730711914077, -4.89412520247
19.867, 0.0170654114336, 0.708841491714, -4.89407370406
19.888, 0.0168055556715, 0.747277160659, -4.89407656508
19.908, 0.0164997242391, 0.735494934097, -4.89417813124
19.927, 0.0161748472601, 0.713666931167, -4.89448521437
19.947, 0.0158304907382, 0.731823669449, -4.89489577116
19.967, 0.0154495583847, 0.71989434816, -4.89531920256
19.987, 0.0150721240789, 0.738073974625, -4.8957779199
20.007, 0.0147004630417, 0.716332031265, -4.89633343535
20.027, 0.0142971267924, 0.714519287125, -4.89696524459
20.051, 0.0138823892921, 0.762767578141, -4.89758704008
20.068, 0.0133429672569, 0.660606323258, -4.89833472074
20.087, 0.0130594037473, 0.719508300797, -4.89875910582
20.108, 0.0126820271835, 0.718079162613, -4.89936182814
20.127, 0.0122749125585, 0.716584716813, -4.89998934568
20.148, 0.0118925003335, 0.715260253922, -4.90055964292
20.167, 0.0114936688915, 0.723981567399, -4.90115902739
20.187, 0.0110701695085, 0.712718139665, -4.90177796186
20.207, 0.0106354542077, 0.701500488298, -4.90232203322
20.228, 0.0102181266993, 0.730422302263, -4.90281031447
20.247, 0.00978815089911, 0.709349609392, -4.90337059813
20.267, 0.00935300160199, 0.688290039079, -4.90407297911
20.287, 0.00894606299698, 0.697301269548, -4.90491030532
20.307, 0.00856583658606, 0.716451965349, -4.90558979811
20.326, 0.00814299844205, 0.675596252458, -4.90627119841
20.348, 0.00778950704262, 0.704907165544, -4.90700362028
20.367, 0.00740677071735, 0.684246459978, -4.90783474745
20.387, 0.0070041581057, 0.693631530779, -4.90871022063
20.407, 0.00661496538669, 0.703095031756, -4.90959189254
20.427, 0.00620508845896, 0.70258691408, -4.91054461318
20.447, 0.0057741785422, 0.692152954119, -4.91152069884
20.468, 0.00538374437019, 0.701873718279, -4.91243861021
20.487, 0.00503221713006, 0.701708923358, -4.91336415113
20.508, 0.00471477163956, 0.711622558612, -4.91426680387
20.527, 0.0043839677237, 0.701595092791, -4.91515515166
20.549, 0.00403325213119, 0.721616760272, -4.91609261351
20.567, 0.003742888337, 0.691637207049, -4.91686795073
20.587, 0.00344018009491, 0.691686035175, -4.91768381911
20.607, 0.00313535123132, 0.7017348633, -4.91865132154
20.63, 0.00284386449493, 0.731801086444, -4.91960118116
20.649, 0.00251885224134, 0.701901184101, -4.92063687147
20.667, 0.00220217509195, 0.692064453144, -4.92157481032
20.688, 0.00189521780703, 0.722306152363, -4.92245982009
20.708, 0.00158014101908, 0.722606750507, -4.92337963897
20.727, 0.00126618612558, 0.692958618183, -4.92432091552
20.747, 0.000989180291072, 0.693327880878, -4.92521784621
20.767, 0.000739162205718, 0.703742919941, -4.92612097563
20.788, 0.00052238983335, 0.704175354023, -4.92695544082
20.808, 0.000309526425553, 0.72468194582, -4.9278175624
20.83, 0.000103530801425, 0.735239807148, -4.92869494277
20.85, -7.86711534602e-05, 0.755792175313, -4.92949745971
20.868, -0.000264470290858, 0.686372924824, -4.93031285125
20.888, -0.000435317255324, 0.716925292989, -4.93106673063
20.908, -0.000574217236135, 0.737415405293, -4.93159983474
20.927, -0.000742804608308, 0.69807031252, -4.93226979094
20.947, -0.000884954526555, 0.698691345235, -4.93287585097
20.967, -0.00101504614577, 0.719327636739, -4.93348334151
20.987, -0.00112234882545, 0.729930053731, -4.9339844972
21.007, -0.0012454232201, 0.690712524434, -4.93454001265
21.027, -0.00133171281777, 0.711322570821, -4.934957722
21.049, -0.00141767587047, 0.741997009298, -4.9354216844
21.068, -0.001517128665, 0.662902771017, -4.93600294889
21.088, -0.00157103699166, 0.723458190939, -4.93631718474
21.107, -0.00163932039868, 0.704254699728, -4.93672821837
21.129, -0.00169956928585, 0.725081726095, -4.93713686782
21.147, -0.00174568709917, 0.735865112326, -4.9375164302
21.167, -0.00178594072349, 0.716748901388, -4.93792555648
21.187, -0.00180500012357, 0.717442871115, -4.93825791198
21.208, -0.00181206525303, 0.728208862326, -4.93861935438
21.228, -0.0018152394332, 0.719092651389, -4.93893597442
21.249, -0.00181771826465, 0.729988342307, -4.93920634092
21.267, -0.00181650975719, 0.710865417502, -4.93944619001
21.287, -0.00180963554885, 0.681964965842, -4.93974230589
21.307, -0.00179551390465, 0.732992492698, -4.93997690977
21.327, -0.00177004793659, 0.724122558616, -4.94016621412
21.347, -0.00173012120649, 0.705206848167, -4.94030831176
21.367, -0.00168767536525, 0.716135192893, -4.9403755458
21.387, -0.00164144823793, 0.717076660179, -4.9404461177
21.407, -0.00159406510647, 0.727943969749, -4.94052288848
21.427, -0.00153718842193, 0.718875671409, -4.94062540847
21.448, -0.00149076536763, 0.769573913597, -4.9407036096
21.467, -0.00142266915645, 0.7005907593, -4.94084427672
21.487, -0.00136338826269, 0.731379638695, -4.94099352659
21.507, -0.00129634956829, 0.722092224144, -4.94104502517
21.529, -0.00121520995162, 0.732756896996, -4.94108126479
21.549, -0.00113294436596, 0.733280883812, -4.94106409849
21.567, -0.00100872479379, 0.663896728539, -4.94102976638
21.587, -0.000936759519391, 0.714194885277, -4.94102738203
21.608, -0.00082453363575, 0.72459252932, -4.94101021589
21.626, -0.000724857673049, 0.724912658715, -4.94101641478
21.648, -0.000610637769569, 0.745236145043, -4.94104788603
21.668, -0.000483038718812, 0.745511718774, -4.94108984786
21.688, -0.000359658326488, 0.755700012231, -4.94114420729
21.707, -0.000222391056013, 0.745825134301, -4.94130919279
21.728, -7.80340269557e-05, 0.755904480005, -4.94145367461
21.747, 0.000120401527965, 0.685993896509, -4.94161103071
21.767, 0.000223614712013, 0.756050048852, -4.94168303312
21.788, 0.000411138520576, 0.736130615259, -4.94181559401
21.809, 0.000570909818634, 0.74617395022, -4.94194577056
21.83, 0.000779358844738, 0.726191345239, -4.94216654616
21.847, 0.000922349921893, 0.726172424341, -4.9423172267
21.867, 0.00105819967575, 0.78613275149, -4.94244740309
21.887, 0.00127868354321, 0.726043334986, -4.9426324159
21.907, 0.00146270659752, 0.735947204615, -4.94277451354
21.927, 0.00164578284603, 0.735835815455, -4.9429356845
21.947, 0.00183638103772, 0.725684143092, -4.94311449843
21.966, 0.0019998124335, 0.735523620631, -4.94327757658
21.988, 0.00220706756227, 0.735263000514, -4.94341633619
22.008, 0.00241411221214, 0.734928222682, -4.94346735793
22.027, 0.00259363162331, 0.734592224147, -4.943496445
22.044, 0.00279099866748, 0.714206176784, -4.94349787551
22.067, 0.00299569428898, 0.733833251979, -4.94346974195
22.087, 0.00317548611201, 0.743510376002, -4.94343874754
22.107, 0.00336001068354, 0.73319299319, -4.94338915664
22.13, 0.00354023557156, 0.802862487819, -4.94330189544
22.149, 0.00375877670012, 0.74239587405, -4.94314501601
22.168, 0.00396034913138, 0.741880126979, -4.94301817733
22.187, 0.00416139513254, 0.721280456569, -4.94286606627
22.208, 0.00435521965846, 0.750657897976, -4.94264910521
22.228, 0.00454020919278, 0.750081115749, -4.94227669538
22.243, 0.00470105279237, 0.699598022488, -4.94181225599
22.267, 0.00485264137387, 0.739158569363, -4.94132921995
22.287, 0.00498855952173, 0.688772522, -4.94089339095
22.307, 0.00511869601905, 0.728399597195, -4.94060490431
22.328, 0.00523731671274, 0.728082214383, -4.94036171736
22.347, 0.00536533398554, 0.707780090359, -4.94016669096
22.368, 0.00550639955327, 0.737477966336, -4.93997309523
22.387, 0.00565782282501, 0.707188964871, -4.93975947219
22.408, 0.00578588154167, 0.736975036649, -4.93957684339
22.428, 0.00592505000532, 0.726769958524, -4.939361313
22.448, 0.00604993570596, 0.716618286161, -4.93915293516
22.467, 0.00613902276382, 0.73652429202, -4.93895981627
22.487, 0.0062020374462, 0.736468444852, -4.93886111082
22.507, 0.00625314470381, 0.726410461454, -4.93878720122
22.528, 0.00629895506427, 0.736335083036, -4.93873141127
22.547, 0.00634300522506, 0.71623132327, -4.93869660216
22.568, 0.0064179697074, 0.736081787138, -4.93867419082
22.587, 0.00655130017549, 0.715876709013, -4.93861077131
22.607, 0.00668627256528, 0.715698791532, -4.93849156218
22.627, 0.00681320438161, 0.735556884794, -4.93832848388
22.648, 0.00692233955488, 0.725445495634, -4.93820879759
22.668, 0.00701530463994, 0.735311218291, -4.93823883849
22.687, 0.00707891630009, 0.725201965361, -4.93832037764
22.708, 0.00711615243927, 0.735065551787, -4.938489178
22.729, 0.00711957272142, 0.734961792021, -4.93867705184
22.748, 0.00709779793397, 0.73488305667, -4.93891880812
22.767, 0.00705721229315, 0.72485559085, -4.93906996566
22.787, 0.00700255809352, 0.724925170928, -4.93910143675
22.807, 0.00694683566689, 0.735060058623, -4.93881151976
22.828, 0.00687782373279, 0.715241943389, -4.93803999723
22.847, 0.00681587262079, 0.715384460479, -4.93684218245
22.867, 0.00674908841029, 0.755456176788, -4.9350564273
22.888, 0.00668114004657, 0.735428710968, -4.93257067519
22.907, 0.0066118282266, 0.715248657257, -4.9293806346
22.927, 0.00654417835176, 0.724872375519, -4.92574332076
22.947, 0.00647105881944, 0.73424218753, -4.921138981
22.967, 0.00639613112435, 0.743383117706, -4.91561673003
22.987, 0.00631543109193, 0.722209106476, -4.90888998808
23.008, 0.00623259367421, 0.710737548859, -4.90116904081
23.03, 0.00615988392383, 0.74923425296, -4.89375708403
23.047, 0.00605205073953, 0.6466228638, -4.88189957441
23.068, 0.00598864769563, 0.714912353547, -4.87437460722
23.088, 0.00590739632025, 0.73255242923, -4.86404154616
23.107, 0.00581640657037, 0.699684692414, -4.85168955642
23.13, 0.00573306111619, 0.746851745637, -4.83969757872
23.151, 0.00561752077192, 0.672630554231, -4.82208178343
23.167, 0.00552754988894, 0.649139343293, -4.80758116545
23.187, 0.00545944552869, 0.68635308841, -4.79625151473
23.207, 0.00537257315591, 0.692658020051, -4.78132889586
23.227, 0.00527594797313, 0.678378845247, -4.76409075576
23.247, 0.00518344435841, 0.674139953645, -4.74696371871
23.267, 0.00509984465316, 0.700187622102, -4.7310044557
23.287, 0.00500194588676, 0.685420166048, -4.71185324491
23.307, 0.00490396097302, 0.670515380891, -4.69209502043
23.328, 0.00481082359329, 0.665765319856, -4.67265436949
23.347, 0.00471782777458, 0.660931335481, -4.65272019209
23.367, 0.00462487898767, 0.646043945344, -4.63233683425
23.387, 0.00453657424077, 0.661341796906, -4.61262629332
23.407, 0.00444359099492, 0.64635522464, -4.59158537703
23.427, 0.00435064453632, 0.641368652375, -4.57024977523
23.447, 0.00425776001066, 0.646382080109, -4.54857037367
23.467, 0.00415553571656, 0.620948730499, -4.52443049253
23.488, 0.0040671415627, 0.636261840851, -4.50347779113
23.508, 0.00397407310084, 0.631382080108, -4.48128626662
23.527, 0.00388568290509, 0.616802001983, -4.46014616805
23.547, 0.0037927464582, 0.622074829131, -4.43781874479
23.567, 0.00369995716028, 0.617439209014, -4.41534159483
23.588, 0.00360257481225, 0.602717529326, -4.39166853727
23.608, 0.00350973475724, 0.608326049834, -4.36917994338
23.627, 0.00341684790328, 0.594056640654, -4.34671852888
23.648, 0.00332396733575, 0.589909301787, -4.32435343565
23.668, 0.00324974744581, 0.636701293974, -4.30647681075
23.687, 0.00313863670453, 0.572087646513, -4.27961037474
23.708, 0.00304620503448, 0.598413330106, -4.25722620787
23.727, 0.00295850774273, 0.575038696317, -4.23604128676
23.748, 0.00286638666876, 0.571623779325, -4.21378300505
23.767, 0.00276990840212, 0.558183837918, -4.19038126784
23.787, 0.00268281018361, 0.565205932645, -4.16924784499
23.807, 0.00258676591329, 0.562040649441, -4.14592335524
23.827, 0.00249550072476, 0.559159790066, -4.1237108499
23.848, 0.00240883254446, 0.566532836941, -4.1026255876
23.867, 0.00231755012646, 0.553880859402, -4.08047936278
23.887, 0.0022263424471, 0.561320434597, -4.05837605299
23.907, 0.00213531870395, 0.548882080105, -4.03627274352
23.929, 0.00203526276164, 0.556317382839, -4.01199696363
23.947, 0.00194883567747, 0.544193969753, -3.99103901686
23.967, 0.00185349280946, 0.541959472682, -3.96788142043
23.987, 0.00176754873246, 0.520034423854, -3.94696185888
24.007, 0.00167729519308, 0.528084350612, -3.92493770438
24.026, 0.00159167975653, 0.526311889674, -3.90407774748
24.047, 0.00148833612911, 0.514286743189, -3.87883708776
24.067, 0.00140327913687, 0.522682128931, -3.85804055037
24.087, 0.00132748822216, 0.54131066897, -3.83943794089
24.107, 0.00123429717496, 0.529701782251, -3.81647799331
24.127, 0.00114140787628, 0.528184448267, -3.79353807272
24.149, 0.00105753191747, 0.546869751001, -3.77285883742
24.167, 0.000965070561506, 0.495489746118, -3.75003407317
24.187, 0.000877275771927, 0.514241577172, -3.72828362304
24.207, 0.000789720972534, 0.51310021975, -3.70649240332
24.226, 0.000702359713614, 0.512004638695, -3.68469999152
24.247, 0.000610812741797, 0.500945068383, -3.66183874923
24.267, 0.000523805909324, 0.499986816429, -3.64007566291
24.288, 0.000445654208306, 0.529170166039, -3.62058399023
24.308, 0.000354764604708, 0.518278442406, -3.59785244764
24.332, 0.00026854488533, 0.557488037132, -3.57614252867
24.347, 0.000161127260071, 0.466587768577, -3.54900119604
24.367, 0.000101128447568, 0.516130615257, -3.53376720267
24.388, 1.13081141535e-05, 0.515483032249, -3.51093766989
24.406, -6.97960640537e-05, 0.504931274436, -3.49034259619
24.428, -0.000154946988914, 0.524385009787, -3.46867845358
24.447, -0.000244070673943, 0.513844238303, -3.44601676763
24.467, -0.000320154824294, 0.533424316428, -3.42660687269
24.488, -0.000408513034927, 0.522944580099, -3.40396473707
24.507, -0.000496423861478, 0.502525878927, -3.38126371222
24.527, -0.000575613230467, 0.512172485372, -3.36071513015
24.547, -0.00067520677112, 0.481770263693, -3.33476803602
24.567, -0.00075371976709, 0.501477905294, -3.3142130168
24.588, -0.000827838492114, 0.521210571309, -3.29470727759
24.607, -0.000909936381504, 0.500938964864, -3.27303359824
24.628, -0.000991785433143, 0.510667358418, -3.25141070188
24.647, -0.00107335008215, 0.500395751973, -3.22977755385
24.667, -0.00115461472888, 0.510139404316, -3.20816586317
24.687, -0.00123557308689, 0.499867797871, -3.18653724509
24.708, -0.00131621281616, 0.509596191425, -3.16500780882
24.728, -0.00140044628642, 0.509284301777, -3.14239261466
24.747, -0.00147621729411, 0.508976684589, -3.12201259436
24.768, -0.00155545573216, 0.528659301776, -3.10046694578
24.787, -0.00163814367261, 0.48831689455, -3.07781384307
24.807, -0.00171255413443, 0.507978759784, -3.0573303491
24.827, -0.00179047195707, 0.487569824237, -3.03583715261
24.848, -0.00187174568418, 0.497120605487, -3.01327393354
24.869, -0.00194476742763, 0.526675659197, -2.9928464681
24.887, -0.00201729941182, 0.48620019533, -2.97240135985
24.907, -0.00210068165325, 0.495619140642, -2.94868896307
24.928, -0.00217221607454, 0.49506738283, -2.92817876654
24.948, -0.00224332511425, 0.52446984865, -2.90769908744
24.968, -0.00232139718719, 0.503745971697, -2.88506744207
24.987, -0.00239522149786, 0.502986084001, -2.86354682745
25.008, -0.00247212359682, 0.512124877946, -2.8409197122
25.028, -0.00253753853031, 0.511323486344, -2.82151434721
25.048, -0.00261684018187, 0.500254150407, -2.79787419158
25.068, -0.00268463953398, 0.499244628922, -2.77747342886
25.086, -0.00275524589233, 0.478118530289, -2.7559625894
25.107, -0.00282852165401, 0.476860595719, -2.733349541
25.127, -0.00289406138472, 0.495637451187, -2.71284554304
25.147, -0.00296231545508, 0.484267211929, -2.69122550803
25.167, -0.003029842861, 0.502805419937, -2.66959808188
25.187, -0.00309665454552, 0.49125207521, -2.64796874823
25.208, -0.00316275912337, 0.489607177749, -2.62632034124
25.229, -0.0032249041833, 0.507941528335, -2.60574457961
25.247, -0.00330889387988, 0.45549035646, -2.57759640516
25.268, -0.00335679296404, 0.494001098647, -2.56134150344
25.288, -0.00342001277022, 0.491913696303, -2.5396718772
25.307, -0.00347938202322, 0.489820800795, -2.51908490957
25.328, -0.00354114128277, 0.507489257826, -2.49741671385
25.347, -0.00360211590305, 0.485035644545, -2.47574112715
25.368, -0.00366527796723, 0.482328125013, -2.45295975524
25.389, -0.00372459343635, 0.489615112318, -2.43130824865
25.408, -0.00380039983429, 0.425882202161, -2.40313670935
25.427, -0.00383773306385, 0.463924194349, -2.38904426413
25.448, -0.00389440520667, 0.480799194348, -2.36736843901
25.468, -0.00395289575681, 0.46738977052, -2.34459398108
25.487, -0.00400764448568, 0.453990112317, -2.32285044493
25.507, -0.00406150752679, 0.440468383801, -2.30106971579
25.528, -0.00411451142281, 0.456794067395, -2.27928970176
25.548, -0.00416407268494, 0.463160034191, -2.25858853179
25.567, -0.00421795714647, 0.41898767091, -2.23570583166
25.587, -0.00426839478314, 0.434870849621, -2.21392534079
25.607, -0.00431548105553, 0.430794311534, -2.19321582633
25.628, -0.00436655571684, 0.436133667003, -2.17035911399
25.647, -0.00441420823336, 0.411543823253, -2.14858386832
25.668, -0.00445856247097, 0.427024780284, -2.12789485754
25.687, -0.0045065311715, 0.411875854503, -2.1050252706
25.708, -0.00455116061494, 0.396797729502, -2.08322475272
25.73, -0.00459474837407, 0.431567016611, -2.06142089682
25.748, -0.00463940063491, 0.395899292002, -2.03851387816
25.768, -0.00467887613922, 0.400632568369, -2.01777718383
25.787, -0.00471947994083, 0.374913574228, -1.99595449286
25.807, -0.00475902156904, 0.389041992197, -1.97412178832
25.828, -0.0047974428162, 0.383017822275, -1.95227763968
25.844, -0.00483454065397, 0.336825805673, -1.93042311984
25.867, -0.00487203476951, 0.330151000985, -1.90747330488
25.887, -0.00490315491334, 0.364298950204, -1.88778589071
25.908, -0.00493834214285, 0.367303710946, -1.86480710806
25.93, -0.00497048720717, 0.360486083992, -1.84291408361
25.948, -0.00499666389078, 0.374567504891, -1.82428882438
25.968, -0.00503200804815, 0.296017089852, -1.79800710978
25.987, -0.0050587146543, 0.329087158211, -1.77715311366
26.007, -0.00508576119319, 0.301643920906, -1.75520203429
26.027, -0.00511049153283, 0.324439331062, -1.73434374648
26.047, -0.00513913994655, 0.27553247071, -1.70911524595
26.067, -0.0051593221724, 0.308820434577, -1.69044313746
26.087, -0.00518420338631, 0.269969116218, -1.66629419626
26.107, -0.00520354462788, 0.27259118653, -1.64651642161
26.127, -0.00522498087958, 0.26384118653, -1.62345907988
26.148, -0.00524334004149, 0.275782104498, -1.6025774272
26.167, -0.00526247592643, 0.256726928717, -1.57954070884
26.187, -0.00527867954224, 0.248377929693, -1.55871448816
26.208, -0.00529381679371, 0.249937377935, -1.53782937826
26.227, -0.00530939316377, 0.23045495606, -1.5147286445
26.248, -0.00532312178984, 0.221272216802, -1.49272499384
26.268, -0.00533612631261, 0.201499877935, -1.46962056459
26.288, -0.0053470665589, 0.202057739263, -1.4476067813
26.308, -0.00535633228719, 0.202961059575, -1.4267024787
26.328, -0.00536501640454, 0.1932442627, -1.40470276194
26.347, -0.0053726406768, 0.173420654301, -1.38271353544
26.367, -0.00537979463115, 0.142433105473, -1.35855601133
26.389, -0.00538479629904, 0.162832885746, -1.33769963087
26.407, -0.00538881728426, 0.132597290043, -1.31576607527
26.427, -0.00539150787517, 0.112254882816, -1.29382763224
26.448, -0.00539287831634, 0.111246582035, -1.2708091529
26.468, -0.00539283221588, 0.091173339847, -1.24998412448
26.488, -0.00539156515151, 0.100993286136, -1.22916887106
26.507, -0.00538877397776, 0.079634033206, -1.20615325273
26.527, -0.00538489222527, 0.0586812744168, -1.18422565776
26.549, -0.00538040464744, 0.0887246093775, -1.16450641471
26.568, -0.00537224905565, 0.00417321777575, -1.13603565992
26.587, -0.00536624575034, 0.0351210937521, -1.11851105989
26.608, -0.00535771809518, 0.0336953125019, -1.09659729319
26.627, -0.00534858042374, 0.0227370605486, -1.07579825224
26.647, -0.0053373426199, -0.0194919433578, -1.05271897615
26.667, -0.00532498210669, -0.0318582763658, -1.02968833762
26.687, -0.00531281577423, -0.0331827392566, -1.00887439566
26.708, -0.00529971113428, -0.0245987548818, -0.988033393039
26.727, -0.00528493849561, -0.036756958007, -0.966088274135
26.749, -0.005268370267, -0.0296726074212, -0.943044462975
26.768, -0.0052524516359, -0.0515006103511, -0.922210017021
26.787, -0.00523384194821, -0.124721435547, -0.899190822258
26.806, -0.00521515356377, -0.117459472656, -0.877297440185
26.827, -0.00519554782659, -0.110365356445, -0.855460384502
26.847, -0.00517499540001, -0.123423828125, -0.833786526336
26.867, -0.00515441037714, -0.125953735352, -0.813292959346
26.887, -0.00513026257977, -0.139922241212, -0.790681520279
26.908, -0.00510720675811, -0.142635253907, -0.770282307442
26.928, -0.00508197722957, -0.166105712892, -0.748992362632
26.947, -0.00505607808009, -0.169667724611, -0.72798172551
26.969, -0.00502824876457, -0.183971923829, -0.706250169887
26.987, -0.00500386441126, -0.196263183595, -0.687882164135
27.008, -0.00497056636959, -0.242687133791, -0.663898089703
27.027, -0.00494493776932, -0.234978393557, -0.646285095986
27.047, -0.0049172914587, -0.247905029299, -0.627969959392
27.069, -0.004888006486, -0.22143652344, -0.609122672691
27.088, -0.00485789217055, -0.265527099612, -0.589933314933
27.107, -0.00483003398404, -0.308829711917, -0.572204449948
27.126, -0.00480280630291, -0.331949218753, -0.55495641531
27.15, -0.00477748084813, -0.284219726565, -0.539095321472
27.168, -0.00475132558495, -0.316927246097, -0.522930303391
27.188, -0.00472572213039, -0.329360107425, -0.507403293427
27.206, -0.00469947466627, -0.37210791016, -0.491920450505
27.227, -0.00467498088256, -0.383930419926, -0.477918425377
27.247, -0.00465206056833, -0.364827636723, -0.465195158299
27.268, -0.00462709972635, -0.366461547856, -0.451814273175
27.287, -0.00460370909423, -0.417124389653, -0.439839431818
27.307, -0.00458065979183, -0.407344726567, -0.428647557076
27.327, -0.00455787871033, -0.43709204102, -0.418324867066
27.347, -0.00453632697463, -0.425898803716, -0.409267911329
27.368, -0.00451238453388, -0.445091308599, -0.3999895543
27.387, -0.00449052173644, -0.442875732427, -0.392288455381
27.407, -0.00446611782536, -0.460878051763, -0.384656825676
27.427, -0.00444372184575, -0.467563842779, -0.378463635023
27.446, -0.00441961921751, -0.483984741217, -0.372722694292
27.467, -0.0043935412541, -0.470018676764, -0.367411652382
27.488, -0.00436778459698, -0.475096801764, -0.363024065073
27.507, -0.00433965586126, -0.519665893561, -0.35894198121
27.527, -0.00431315461174, -0.493116821295, -0.355621734275
27.547, -0.0042840228416, -0.49601293946, -0.352571079149
27.567, -0.00425504473969, -0.49807531739, -0.349985161598
27.587, -0.0042213825509, -0.499546875007, -0.347435453548
27.607, -0.00418924028054, -0.500113891609, -0.345321276959
27.629, -0.00415168702602, -0.489876464851, -0.343052843388
27.647, -0.00411177007481, -0.518738769539, -0.34087080675
27.668, -0.00407353369519, -0.486894897469, -0.338896224077
27.687, -0.00403100438416, -0.50414526368, -0.336894938524
27.707, -0.00398605084047, -0.480556396492, -0.335073360975
27.726, -0.00394123140723, -0.496408447274, -0.333435723199
27.748, -0.00389199564233, -0.481263183602, -0.331679740723
27.768, -0.00383815029636, -0.455029052743, -0.329925218238
27.787, -0.00378495175391, -0.478327392587, -0.328389921959
27.807, -0.00373291876167, -0.461295532236, -0.327025035198
27.827, -0.00367397046648, -0.462787841806, -0.325585732039
27.848, -0.00361956097186, -0.434474243173, -0.324427881851
27.867, -0.00356154469773, -0.415087036142, -0.323255369242
27.888, -0.00350017356686, -0.424595703135, -0.322134265318
27.908, -0.0034417915158, -0.414003051768, -0.321112462892
27.929, -0.00338378176093, -0.372891601573, -0.320216038998
27.951, -0.00331225735135, -0.36828894044, -0.319162884529
27.967, -0.00325898965821, -0.406725219737, -0.318478295382
27.988, -0.00321777816862, -0.35730444337, -0.317969718589
28.008, -0.00316168740392, -0.343730834972, -0.317318001564
28.028, -0.00311297480948, -0.331114257823, -0.316766688242
28.047, -0.00306175695732, -0.326823486339, -0.316248038425
28.067, -0.00302242883481, -0.284996093761, -0.315836259737
28.088, -0.00297451391816, -0.279418090832, -0.315288672026
28.107, -0.00293011288159, -0.29355017091, -0.314650872364
28.127, -0.00289494846947, -0.279636596692, -0.314055273112
28.147, -0.00286629539914, -0.237092041028, -0.313595453079
28.167, -0.00283329398371, -0.220705322278, -0.312985220726
28.187, -0.00280406535603, -0.233458618176, -0.312411287602
28.208, -0.00278498325497, -0.209916748059, -0.311951199188
28.228, -0.00276773702353, -0.184838012708, -0.311382511433
28.25, -0.00275537627749, -0.090527709974, -0.310900130882
28.267, -0.0027445720043, -0.201006225599, -0.310155818041
28.287, -0.00274153891951, -0.140538085951, -0.309670189037
28.308, -0.0027408527676, -0.124904541029, -0.308847287472
28.33, -0.0027449443005, -0.0901614990372, -0.308093318518
28.348, -0.00275632506236, -0.141973022475, -0.307067522581
28.368, -0.00276635144837, -0.0711942138813, -0.306473949566
28.389, -0.00278313737363, -0.0570310058736, -0.305607834472
28.408, -0.00280601624399, -0.0717429199363, -0.304641524132
28.427, -0.00282774516381, -0.0594827881005, -0.303789177712
28.448, -0.00285735540092, -0.0447592773585, -0.302546629484
28.468, -0.00288425735198, -0.0130026855618, -0.301435151871
28.487, -0.00291738845408, -0.010243286148, -0.300116845979
28.507, -0.00295430445112, 0.00213464353936, -0.298761019125
28.527, -0.00299510080367, 0.0141463622892, -0.297313222303
28.548, -0.00304464017972, 0.016886230453, -0.29568252879
28.568, -0.00308860209771, 0.0169185790857, -0.294280269756
28.588, -0.00314362812787, 0.0481728515464, -0.292602667387
28.607, -0.00319649581797, 0.0579207763509, -0.291004607095
28.627, -0.0032550834585, 0.0677047118976, -0.289286980047
28.65, -0.00331613770686, 0.0970308837724, -0.287463018312
28.668, -0.00339517439716, 0.0480324706863, -0.284904310282
28.688, -0.00344397430308, 0.114264160139, -0.283286878481
28.708, -0.00351060018875, 0.102110229475, -0.281103113308
28.727, -0.00357528333552, 0.11908105467, -0.27893648447
28.746, -0.00364816235378, 0.106215454084, -0.276506343659
28.768, -0.00371853285469, 0.132459350568, -0.274097213324
28.786, -0.00378948287107, 0.108169189435, -0.271587142362
28.808, -0.0038568242453, 0.143110595685, -0.269093880071
28.827, -0.00393050257117, 0.128001953107, -0.266218373354
28.847, -0.00399924535304, 0.142109619122, -0.263397762193
28.868, -0.00406616227701, 0.155667968731, -0.260461518343
28.888, -0.00412745773792, 0.168549438458, -0.257595250185
28.908, -0.00419194530696, 0.16115197752, -0.254423538025
28.927, -0.00424680951983, 0.15299584959, -0.251483687933
28.947, -0.00430035917088, 0.164402709942, -0.248398849382
28.967, -0.00434894580394, 0.145275512676, -0.245241323127
28.987, -0.00439365208149, 0.155619750957, -0.241929778471
29.007, -0.00442956248298, 0.145409179668, -0.238707432326
29.027, -0.00445945328102, 0.154624267558, -0.235353836592
29.048, -0.00447911582887, 0.153462158183, -0.232273021354
29.067, -0.00449208077043, 0.151670165995, -0.228786179598
29.087, -0.00449555646628, 0.149607788065, -0.225596138849
29.107, -0.00449055340141, 0.136986328104, -0.222171703156
29.127, -0.00447656866163, 0.14392236326, -0.218722084179
29.143, -0.00445216661319, 0.100268798807, -0.215041378315
29.168, -0.00442332401872, 0.146751342752, -0.211875805273
29.189, -0.00438044592738, 0.1522585449, -0.208145686998
29.208, -0.00433041295037, 0.137577148416, -0.204563537415
29.232, -0.0042746248655, 0.182798706033, -0.201154807385
29.249, -0.00418528914452, 0.0957393798607, -0.196477377589
29.269, -0.00413101026788, 0.1417116699, -0.193965041651
29.287, -0.00403703842312, 0.0850728759541, -0.189993792947
29.307, -0.00394740188494, 0.099043212868, -0.186585778012
29.327, -0.00384464254603, 0.0824239501725, -0.182989457424
29.345, -0.00373907131143, 0.0659060058364, -0.179594868596
29.369, -0.0036196410656, 0.0687984618909, -0.176048973217
29.387, -0.00349177233875, 0.0814772948985, -0.172516787066
29.408, -0.00335555220954, 0.0839577636484, -0.16900197583
29.427, -0.0031961267814, 0.0354726562263, -0.165180975373
29.447, -0.00305044697598, 0.0479934081792, -0.161923104539
29.467, -0.00289739831351, 0.0403920898197, -0.158680790838
29.487, -0.00272839423269, 0.042262207007, -0.155325287594
29.508, -0.00255134725012, 0.0440407714599, -0.151993835147
29.528, -0.00234738155268, 0.00489953610821, -0.148400688185
29.549, -0.00217338721268, 0.0273537597408, -0.145487272914
29.568, -0.0019521053182, -0.0118942871343, -0.14200111629
29.588, -0.00176405534148, -0.00948583986889, -0.13917844909
29.608, -0.00153675314505, -0.00835791018159, -0.135949889
29.627, -0.00132380891591, -0.0163559570568, -0.133089491739
29.648, -0.0010922284564, -0.00474523928353, -0.130123564615
29.667, -0.000828750955407, -0.0539322510024, -0.126927116527
29.687, -0.000606407760642, -0.0413712158464, -0.124363163128
29.707, -0.000352245901013, -0.0495621338153, -0.121569597735
29.727, -6.40605576336e-05, -0.078459228542, -0.118564108028
29.747, 0.000192049948964, -0.0760147705344, -0.116025620713
29.767, 0.00044082882232, -0.0530722656518, -0.113660970505
29.788, 0.000752984487917, -0.0815421142848, -0.110847184237
29.807, 0.00102971855085, -0.0886856689725, -0.108483397975
29.827, 0.00134328310378, -0.126413330105, -0.105922052278
29.847, 0.00161847029813, -0.0928604736603, -0.103777596368
29.868, 0.0019787074998, -0.110851806668, -0.101105713858
29.888, 0.00226736231707, -0.116917480497, -0.0990673244139
29.907, 0.00261159939691, -0.133775390653, -0.0967470497032
29.927, 0.00296390405856, -0.160358642606, -0.0944783331711
29.947, 0.00325501104817, -0.105483764677, -0.0927023977181
29.967, 0.00362192397006, -0.15157873538, -0.0905418487151
29.988, 0.00399693381041, -0.157368530302, -0.0884568482777
30.008, 0.00434317067266, -0.142360595732, -0.086601579364
30.026, 0.0047334395349, -0.167585815459, -0.0846226900955
30.047, 0.00509332679212, -0.162028564482, -0.082870209231
30.067, 0.0054790508002, -0.166450561553, -0.0810720563074
30.087, 0.0058915973641, -0.180760253936, -0.0792333126208
30.108, 0.00629161158577, -0.184556640655, -0.0775277853152
30.129, 0.00669850548729, -0.178063110382, -0.0758562775214
30.148, 0.00709137879312, -0.161117309601, -0.0743243187805
30.167, 0.00753273069859, -0.194160522491, -0.0726648584148
30.187, 0.00795997586101, -0.206751464874, -0.0711165459711
30.208, 0.00841579586267, -0.209138549835, -0.0695491448184
30.228, 0.00879018194973, -0.170830444367, -0.0682921798785
30.248, 0.009281815961, -0.202693237336, -0.0667222231766
30.267, 0.00973571650684, -0.204063476594, -0.0653200388094
30.287, 0.0101962257177, -0.20514379886, -0.0639680422091
30.307, 0.0106633258983, -0.185934204133, -0.0626141621027
30.328, 0.0111608617008, -0.19644445804, -0.061223848021
30.348, 0.0116172516719, -0.206645263704, -0.0600193658455
30.367, 0.0120795620605, -0.196586669954, -0.0588046922924
30.387, 0.012572596781, -0.196247924837, -0.057596246373
30.407, 0.0130973383784, -0.205598510775, -0.0562871493162
30.428, 0.0136038120836, -0.204710449252, -0.0551163917186
30.442, 0.0140910400078, -0.233629516634, -0.0539860526749
30.467, 0.0146103166044, -0.212237915072, -0.0528103736693
30.488, 0.0151626374573, -0.200520385776, -0.051597101105
30.507, 0.0156954135746, -0.208640502963, -0.0504221935288
30.527, 0.0162076726556, -0.186644043002, -0.0493759226063
30.547, 0.0167808122933, -0.184194091831, -0.0481573291937
30.568, 0.0173334702849, -0.181658081089, -0.0470398115659
30.587, 0.0178927984089, -0.1889084473, -0.0459683110589
30.607, 0.0184588190168, -0.195960449253, -0.0448261523443
30.629, 0.0190315581858, -0.172844604527, -0.0437228846005
30.647, 0.0196110438555, -0.179545654332, -0.0426598228488
30.666, 0.0201678294688, -0.176252197301, -0.041573861734
30.688, 0.0207903683186, -0.162459472691, -0.0404136411776
30.707, 0.0213601104915, -0.158891357457, -0.0394076599263
30.725, 0.021966535598, -0.174997314489, -0.0382898666052
30.747, 0.0226107090712, -0.140777343786, -0.0371189422719
30.767, 0.0232001170516, -0.146858276403, -0.0360603941934
30.788, 0.0238588843495, -0.142409423864, -0.0348181238189
30.808, 0.0244934614748, -0.138088134802, -0.0336748985014
30.827, 0.0251350756735, -0.153675293005, -0.0325228824587
30.849, 0.0258816815913, -0.14852880863, -0.0312239391355
30.868, 0.0264395680279, -0.124666503943, -0.030166165204
30.887, 0.0271025113761, -0.130085815467, -0.0290285817918
30.907, 0.0277726370841, -0.125474609412, -0.0278114944718
30.927, 0.0284171439707, -0.121143554725, -0.0270093396832
30.948, 0.0290352366865, -0.0770163574594, -0.0264824558115
30.967, 0.0298360418528, -0.131564697303, -0.0254841011663
30.988, 0.0305451005697, -0.0964499512098, -0.0243344871303
31.008, 0.0312721319497, -0.08078588871, -0.0230499352766
31.027, 0.0320236422122, -0.0942673340226, -0.0217050996657
31.047, 0.0329202450812, -0.115229858437, -0.0199745958651
31.068, 0.0336076803505, -0.0769272461324, -0.0194880131873
31.087, 0.0344366841018, -0.0651291504294, -0.0190508980738
31.107, 0.0352823287249, -0.0609354248437, -0.018241534151
31.127, 0.0361325480044, -0.034071411172, -0.0171006959279
31.148, 0.0369812808931, -0.0144150391018, -0.0154413962476
31.167, 0.0377444587648, 0.0257796630464, -0.0133152492138
31.188, 0.0386766754091, 0.0436867675384, -0.0100263757328
31.207, 0.0394842661917, 0.0812569579679, -0.00754112041102
31.227, 0.0403901748359, 0.0965895995693, -0.0070911761956
31.247, 0.0412779040635, 0.13463281246, -0.00861909200087
31.268, 0.0421755462885, 0.17691796871, -0.0121650297111
31.287, 0.0430383644998, 0.223521362264, -0.017911161102
31.308, 0.0438211522996, 0.284397216756, -0.0259409356955
31.328, 0.0444348827004, 0.353812499959, -0.0349398145792
31.35, 0.0450549088418, 0.372115112264, -0.0495817922949
31.367, 0.0453617051244, 0.482816406209, -0.061280118231
31.387, 0.0455865971744, 0.520213256794, -0.0803492900146
31.407, 0.0455697439611, 0.598127685505, -0.0980014145503
31.427, 0.045344106853, 0.656886840778, -0.118677684839
31.449, 0.0449046455324, 0.764862304645, -0.138459110274
31.467, 0.0440845265985, 0.816377807575, -0.159393125947
31.487, 0.0428252629936, 0.901357055622, -0.18140264767
31.508, 0.0411642715335, 1.00943383785, -0.20387268978
31.53, 0.0390808358788, 1.12112695308, -0.227713564213
31.547, 0.0359278060496, 1.16141198726, -0.260489353552
31.567, 0.0339542366564, 1.28138940425, -0.280049690779
31.588, 0.0307905673981, 1.38984216304, -0.31101546587
31.608, 0.0276338811964, 1.50705346675, -0.342387357529
31.634, 0.0244135893881, 1.67797265621, -0.375390002306
31.649, 0.0203422605991, 1.71218347164, -0.419631877716
31.667, 0.0180492643267, 1.84555810542, -0.445694157495
31.687, 0.0147574460134, 1.96799768062, -0.484714308395
31.708, 0.0112861813977, 2.08106286617, -0.528420666035
31.728, 0.00796982273459, 2.2319558105, -0.572471776779
31.748, 0.00498732272536, 2.36320947261, -0.614122846737
31.767, 0.00153540982865, 2.50875634761, -0.665012994583
31.787, -0.00187253078911, 2.6386367187, -0.718345025196
31.807, -0.00507422862574, 2.77550561519, -0.771544256981
31.827, -0.00808320380747, 2.92869165035, -0.824196377571
31.847, -0.0113768931478, 3.09116052242, -0.884901264324
31.867, -0.0144855584949, 3.24003808589, -0.9452391656
31.888, -0.0174167398363, 3.40466821284, -1.0047633441
31.909, -0.0206282492727, 3.58932885738, -1.07232079821
31.928, -0.0236778855324, 3.76800256343, -1.13606808485
